{
  "server/server.js": 1783794762.194458,
  "server/seed.js": 1783794757.050458,
  "server/migrate.mjs": 1783796629.5244508,
  "server/routes/conversations.js": 1783797142.6474488,
  "server/routes/chat.js": 1783796642.8304508,
  "server/routes/settings.js": 1783796650.2654507,
  "server/routes/models.js": 1783791676.9984698,
  "server/routes/health.js": 1783794382.1524594,
  "server/routes/auth.js": 1783794743.934458,
  "server/models/Conversation.js": 1783796622.857451,
  "server/models/Message.js": 1783791655.44147,
  "server/models/Settings.js": 1783794737.542458,
  "server/models/User.js": 1783794738.9815135,
  "server/config/db.js": 1783791649.24447,
  "server/config/models.js": 1783794364.8354595,
  "server/config/provider.js": 1783794363.6554594,
  "server/middleware/errorHandler.js": 1783791660.2054698,
  "server/middleware/auth.js": 1783794741.343458,
  "client/vite.config.js": 1783791694.4514697,
  "client/src/App.jsx": 1783795818.957454,
  "client/src/main.jsx": 1783791759.1574695,
  "client/src/components/Sidebar.jsx": 1783795833.1444538,
  "client/src/components/MarkdownRenderer.jsx": 1783791736.1174695,
  "client/src/components/ChatWindow.jsx": 1783796370.716452,
  "client/src/components/SettingsPanel.jsx": 1783794404.1034594,
  "client/src/components/DevPanel.jsx": 1783793153.883464,
  "client/src/components/AuthPage.jsx": 1783794780.718458,
  "client/src/hooks/useConversations.js": 1783795517.965455,
  "client/src/hooks/useAuth.jsx": 1783794776.320458,
  "client/src/hooks/useTheme.jsx": 1783795806.7054539,
  "client/src/lib/api.js": 1783795511.396455,
  "client/src/lib/auth.js": 1783794773.8944578,
  "DESIGN.md": 1783791306.4994712,
  "README.md": 1783795841.8623962,
  "client/index.html": 1783795822.4023736
}